College,Geographic Location,city_lat,city_lon,ann_rain_inch,ann_snow_inch,min_jan,min_feb,min_mar,min_apr,min_may,min_jun,min_jul,min_aug,min_sep,min_oct,min_nov,min_dec,max_jan,max_feb,max_mar,max_apr,max_may,max_jun,max_jul,max_aug,max_sep,max_oct,max_nov,max_dec
Abilene Christian,"Abilene, TX",32.44645,-99.7475905,27.15,0.18,33.0,36.7,44.1,51.9,61.4,68.5,72.0,71.6,64.2,54.3,43.0,33.7,56.8,60.5,68.6,77.3,84.6,90.5,94.2,94.0,86.8,77.3,66.3,56.9
Air Force,"Colorado Springs, CO",38.8339578,-104.8253485,24.44,2.49,17.7,19.5,26.0,33.3,42.7,51.3,56.9,55.7,47.3,35.8,25.2,17.5,43.2,44.8,52.1,59.8,69.1,79.0,84.8,81.6,74.5,63.0,51.0,42.1
Akron,"Akron, OH",41.083064,-81.518485,37.5,2.84,22.2,23.8,30.9,41.7,51.3,60.9,64.8,63.5,56.6,45.7,37.0,26.6,34.5,38.0,47.8,60.4,70.2,79.4,83.0,81.6,73.5,61.4,50.0,37.9
Alabama,"Tuscaloosa, AL",33.2095614,-87.5675258,51.85,0.01,34.9,38.4,45.1,51.6,61.0,68.5,72.1,71.6,65.3,53.5,44.1,37.3,56.3,61.2,69.7,77.2,84.1,90.2,92.7,92.6,87.7,77.7,67.7,58.2
Alabama State,"Montgomery, AL",32.3669656,-86.3006485,47.57,0.02,35.1,38.9,44.7,50.9,59.5,67.4,70.1,70.0,64.0,51.9,43.4,36.6,57.5,62.1,69.6,76.6,84.2,89.1,91.8,91.3,86.0,77.6,69.0,60.1
Alabama-Birmingham,"Birmingham, AL",33.5206824,-86.8024326,53.72,0.18,33.8,37.1,43.7,50.5,59.7,67.7,71.4,70.8,64.3,52.9,43.5,36.3,53.8,58.4,66.7,74.4,81.5,87.7,90.8,90.6,85.1,75.3,65.4,55.9
Alcorn State,"Lorman, MS",31.8204396,-91.0501057,56.46,0.03,33.1,36.6,43.3,50.5,60.1,67.1,70.0,69.4,62.9,50.9,42.4,35.4,56.5,60.8,68.8,76.0,82.8,88.7,90.8,91.3,86.7,77.5,67.8,58.5
Appalachian St.,"Boone, NC",36.216795,-81.6745517,63.74,3.87,20.7,23.2,29.2,37.3,46.1,54.1,58.1,56.8,50.1,39.5,31.1,23.7,41.6,44.6,52.2,61.3,69.3,75.9,78.9,78.1,72.1,63.2,54.2,44.5
Appalachian State,"Boone, NC",36.216795,-81.6745517,63.74,3.87,20.7,23.2,29.2,37.3,46.1,54.1,58.1,56.8,50.1,39.5,31.1,23.7,41.6,44.6,52.2,61.3,69.3,75.9,78.9,78.1,72.1,63.2,54.2,44.5
Arizona,"Tucson, AZ",32.2228765,-110.9748477,12.01,0,41.6,44.2,48.4,54.7,63.5,71.7,75.7,74.6,70.5,59.2,48.0,40.8,64.9,68.2,73.9,81.5,90.8,99.1,98.9,96.9,94.1,84.2,73.0,64.4
Arizona State,"Tempe, AZ",33.4255056,-111.9400125,9.49,0.0,39.0,41.7,45.7,51.8,60.2,67.7,75.3,74.8,68.2,56.4,44.7,37.6,69.4,72.6,78.3,85.8,94.6,102.7,104.8,103.3,99.5,89.3,77.6,68.2
Arkansas,"Fayetteville, AR",36.0625843,-94.1574328,47.09,0.4,26.3,29.7,37.8,46.9,55.8,64.6,69.2,67.8,59.2,47.4,38.2,28.8,46.4,51.0,59.2,68.8,75.9,83.6,88.8,89.2,81.2,70.4,59.0,48.4
Arkansas State,"Jonesboro, AR",35.8428646,-90.7034522,45.27,0.09,25.7,29.7,38.0,48.0,57.4,65.9,69.7,68.3,59.5,48.2,37.9,28.9,45.7,50.8,61.0,71.1,79.7,87.8,90.7,90.3,83.4,73.0,59.9,48.2
Army,"West Point, NY",40.8512481,-72.5359869,47.75,2.68,19.4,20.4,26.5,34.6,44.7,55.6,61.1,60.8,52.4,40.9,33.0,24.3,38.5,40.0,47.2,56.8,66.0,75.3,80.8,79.6,72.9,63.1,53.6,43.9
Auburn,"Auburn, AL",32.535699,-85.48677785023041,52.55,0.07,33.2,37.9,42.7,49.7,58.8,66.9,70.4,69.8,64.4,53.3,43.9,35.5,56.7,61.7,68.6,75.4,82.6,88.1,90.3,89.2,84.4,75.4,66.6,57.9
Azusa Pacific,"Azusa, CA",34.1338751,-117.9056046,5.98,0.0,43.5,46.7,51.7,58.0,66.7,75.1,82.0,81.6,74.9,62.5,50.2,41.9,67.8,72.2,78.5,86.1,94.9,103.9,107.7,106.6,101.0,89.4,76.3,66.2
Ball St.,"Muncie, IN",40.1936892,-85.3865271,41.82,1.76,17.1,19.4,27.6,38.5,49.4,59.2,62.2,59.6,51.4,40.4,32.0,21.5,33.8,37.7,48.4,61.4,71.7,80.9,84.0,82.7,76.9,64.6,51.3,37.6
Ball State,"Muncie, IN",40.1936892,-85.3865271,41.82,1.76,17.1,19.4,27.6,38.5,49.4,59.2,62.2,59.6,51.4,40.4,32.0,21.5,33.8,37.7,48.4,61.4,71.7,80.9,84.0,82.7,76.9,64.6,51.3,37.6
Baylor,"Waco, TX",31.549333,-97.1466695,36.61,0.06,35.0,39.1,46.4,54.1,64.0,70.9,74.4,74.3,66.5,56.2,46.4,36.8,59.1,62.4,69.3,77.3,84.1,90.9,95.3,96.2,89.7,80.2,69.0,59.9
Boise St.,"Boise, ID",43.6166163,-116.200886,18.64,3.45,24.7,28.3,34.4,39.3,46.5,53.7,60.4,59.6,51.0,40.9,31.9,24.0,37.8,44.7,54.6,62.3,71.6,81.3,91.2,89.7,78.8,64.8,48.2,37.5
Boise State,"Boise, ID",43.6166163,-116.200886,18.64,3.45,24.7,28.3,34.4,39.3,46.5,53.7,60.4,59.6,51.0,40.9,31.9,24.0,37.8,44.7,54.6,62.3,71.6,81.3,91.2,89.7,78.8,64.8,48.2,37.5
Boston College,"Chestnut Hill, MA",42.3306529,-71.1661647,48.82,7.48,18.1,20.8,28.2,37.4,47.1,57.2,62.6,61.3,53.4,41.3,33.8,24.3,35.8,39.4,46.8,58.1,69.0,78.6,83.7,81.8,74.4,63.1,52.3,40.9
Bowling Green,"Bowling Green, OH",41.3747744,-83.6513229,36.01,2.76,17.3,19.3,26.8,37.1,48.0,58.5,62.0,59.5,51.7,41.1,32.1,22.3,31.8,35.3,46.0,59.3,70.5,80.5,84.1,81.9,75.6,62.9,49.6,36.2
Bowling Green State,"Bowling Green, OH",41.3747744,-83.6513229,36.01,2.76,17.3,19.3,26.8,37.1,48.0,58.5,62.0,59.5,51.7,41.1,32.1,22.3,31.8,35.3,46.0,59.3,70.5,80.5,84.1,81.9,75.6,62.9,49.6,36.2
Brigham Young,"Provo, UT",40.2338438,-111.6585337,13.26,7.44,22.3,25.7,33.3,39.3,46.8,54.0,61.0,59.7,50.7,40.2,31.1,23.5,39.6,45.6,56.5,64.9,74.8,85.4,93.6,91.6,81.6,67.4,51.6,40.0
Buffalo,"Amherst, NY",42.9783924,-78.7997616,39.6,7.61,18.5,19.2,26.0,36.8,47.4,57.3,62.3,60.8,53.4,42.7,33.9,24.1,31.2,33.3,42.0,55.0,66.5,75.3,79.9,78.4,71.1,59.0,47.6,36.1
BYU,"Provo, UT",40.2338438,-111.6585337,13.26,7.44,22.3,25.7,33.3,39.3,46.8,54.0,61.0,59.7,50.7,40.2,31.1,23.5,39.6,45.6,56.5,64.9,74.8,85.4,93.6,91.6,81.6,67.4,51.6,40.0
California,"Berkeley, CA",37.8708393,-122.2728639,26.74,0.0,42.0,44.2,45.7,46.5,49.4,51.7,53.0,53.9,53.4,51.5,46.6,42.6,58.4,61.6,64.2,66.8,69.7,73.2,73.9,74.3,74.8,72.5,64.8,58.6
California (PA),"California, PA",40.0657724,-79.8918436,37.97,10.68,15.2,16.6,23.7,33.0,42.0,51.0,55.2,54.0,47.0,35.9,27.7,18.8,34.6,38.6,47.9,60.8,68.7,75.3,78.0,76.7,70.2,60.5,49.6,38.1
California-Davis,"Davis, CA",38.545379,-121.7445835,19.6,0,38.1,40.8,43.7,46.3,51.5,55.9,57.3,56.1,54.4,49.2,42.5,37.8,53.9,60.1,65.8,72.5,81.2,88.6,93.4,92.5,88.9,79.1,64.5,54.3
Central Florida,"Orlando, FL",28.5421109,-81.3790304,53.17,0.0,49.8,53.4,57.2,61.7,67.8,73.2,75.5,75.6,74.1,67.7,59.8,53.8,70.7,73.1,77.4,82.1,87.9,90.7,91.8,91.6,89.2,84.1,77.9,72.2
Central Michigan,"Mount Pleasant, MI",43.597646,-84.7668495,32.34,3.95,13.9,14.4,21.9,32.8,44.7,55.4,59.4,57.0,49.1,38.5,29.3,20.2,28.2,31.1,41.5,55.8,68.0,77.9,82.4,79.8,71.9,58.6,44.5,33.0
Central Missouri,"Warrensburg, MS",32.4034758,-88.8000484,52.66,0.01,32.4,35.8,41.9,49.0,58.7,66.6,69.9,69.3,62.7,50.1,40.4,34.3,56.5,60.9,69.2,76.4,83.2,89.3,91.5,91.5,86.8,77.1,68.5,58.6
Central Washington,"Ellensburg, WA",46.9970635,-120.5451223,22.27,2.19,21.0,23.6,29.2,34.4,42.3,48.8,53.8,52.3,43.4,33.5,26.9,19.5,35.3,42.0,53.1,60.6,68.7,75.5,84.0,83.8,75.6,61.8,45.1,33.0
Charlotte,"Charlotte, NC",35.2272,-80.843083,42.0,0.09,29.6,32.7,39.3,46.9,55.8,64.5,68.1,67.2,60.4,48.8,39.2,31.9,50.7,55.0,63.1,71.9,78.9,86.0,89.0,87.5,81.3,71.8,62.4,52.9
Chattanooga,"Chattanooga, TN",35.0457219,-85.3094883,53.81,0.0,27.3,31.0,39.2,47.5,56.7,64.5,67.8,67.6,61.1,50.5,41.4,31.2,45.0,48.9,58.5,67.2,73.4,80.9,83.8,83.6,77.0,67.2,58.3,47.8
Cheyney,"Philadelphia, PA",39.9527237,-75.1635262,45.38,0.19,27.4,29.3,36.4,46.0,55.7,65.6,70.2,69.1,61.5,50.3,41.7,32.2,40.4,44.5,53.2,64.8,74.9,84.2,88.0,86.3,78.7,67.2,56.1,44.6
Cincinnati,"Cincinnati, OH",39.1014537,-84.5124602,46.17,1.59,22.4,24.9,32.6,41.9,51.5,60.5,64.7,63.2,55.1,43.3,34.3,25.9,40.1,44.7,54.7,66.1,74.9,83.0,86.6,85.8,79.2,67.6,55.5,43.2
Clark Atlanta,"Atlanta, GA",33.7490987,-84.3901849,51.17,0.04,7.0,5.3,13.4,27.4,38.3,48.1,52.4,50.4,43.1,33.4,25.6,15.6,27.5,30.1,40.1,53.9,67.3,76.3,80.3,78.3,70.5,57.0,43.5,31.6
Clemson,"Clemson, SC",34.6850749,-82.8364111,48.36,0.11,30.0,32.6,39.2,47.1,56.2,64.5,68.1,67.7,61.0,48.9,39.6,32.2,51.7,55.7,63.3,71.8,79.5,86.8,90.0,88.7,82.6,72.7,63.7,53.7
Coastal Carolina,"Conway, SC",33.8360035,-79.0478143,54.18,0.14,34.4,37.1,43.5,51.1,60.1,68.5,72.1,71.2,65.2,54.3,44.8,37.1,57.4,60.9,68.0,75.6,82.8,88.2,91.2,89.5,84.7,76.8,69.2,60.1
Colorado,"Boulder, CO",40.0149856,-105.2705456,20.68,3.03,22.2,23.1,29.2,35.6,43.5,51.3,57.3,56.1,48.0,37.8,28.5,21.3,46.9,48.3,56.0,63.3,72.2,81.6,87.7,85.3,77.7,65.8,53.7,45.3
Colorado St.,"Fort Collins, CO",40.5508527,-105.0668085,14.97,5.58,17.9,20.9,28.2,35.5,44.5,52.6,58.5,56.7,47.5,36.4,25.9,17.7,44.2,46.5,54.7,62.2,71.1,80.4,86.6,84.0,75.9,63.9,51.4,42.8
Colorado State,"Fort Collins, CO",40.5508527,-105.0668085,14.97,5.58,17.9,20.9,28.2,35.5,44.5,52.6,58.5,56.7,47.5,36.4,25.9,17.7,44.2,46.5,54.7,62.2,71.1,80.4,86.6,84.0,75.9,63.9,51.4,42.8
Connecticut,"East Hartford, CT",41.7823216,-72.6120346,58.53,3.73,18.5,21.6,28.9,39.5,49.0,58.6,64.3,62.8,54.0,41.8,34.6,24.2,35.7,39.3,47.5,59.8,70.2,79.1,83.9,82.3,74.7,63.1,52.2,40.7
Delaware,"Newark, DE",39.6852191,-75.7508289,46.23,4.53,24.0,26.3,32.4,41.6,51.3,61.3,65.9,64.5,57.2,45.2,36.3,28.1,42.1,45.8,54.9,66.9,76.2,85.1,88.2,86.7,79.7,68.7,57.6,46.1
Duke,"Durham, NC",35.996653,-78.9018053,47.31,0.3,27.1,29.4,35.3,43.6,53.9,63.5,68.1,66.4,58.9,46.2,37.2,29.4,48.5,52.6,61.4,70.5,77.2,84.1,87.1,85.7,79.3,69.8,60.9,51.8
East Carolina,"Greenville, NC",35.612661,-77.3663538,49.72,0.6,32.1,34.3,40.8,49.1,57.6,66.7,70.7,69.2,62.9,50.6,41.5,34.0,52.1,56.3,64.1,73.2,80.2,87.2,89.9,88.3,82.9,73.8,65.0,55.3
Eastern Kentucky,"Richmond, KY",37.7478572,-84.2946539,45.14,1.25,21.9,24.9,32.9,42.1,51.7,60.4,64.3,61.8,54.5,43.8,34.9,25.7,40.9,45.3,55.2,65.6,74.1,82.0,85.8,85.1,79.0,67.8,55.9,44.3
Eastern Michigan,"Ypsilanti, MI",42.24253,-83.6171426940706,36.42,3.67,15.9,17.4,24.7,35.2,45.6,55.6,59.3,57.7,50.0,38.9,30.3,20.9,31.4,34.7,45.5,58.6,69.7,79.2,83.1,81.2,74.8,61.6,48.1,35.2
Eastern Washington,"Cheney, WA",47.4873895,-117.5757676,17.08,2.49,21.9,21.9,28.3,32.6,38.1,44.2,45.1,44.1,35.4,29.1,26.4,20.0,36.1,40.0,49.3,56.9,65.7,72.5,82.7,83.0,73.7,59.2,43.1,34.4
Ferris St.,"Big Rapids, MI",43.698078,-85.483656,36.6,7.6,11.4,12.0,19.1,30.8,42.7,52.3,56.9,54.5,46.0,35.2,26.8,17.5,28.2,31.8,41.8,55.6,67.6,77.0,81.2,78.6,70.7,57.6,43.8,32.2
Florida,"Gainesville, FL",29.6519684,-82.3249846,47.33,0.0,41.5,42.4,48.6,53.4,61.4,68.4,69.7,70.6,67.0,58.4,50.4,44.2,66.9,69.9,75.2,80.8,87.5,90.7,91.8,91.3,88.8,82.3,75.8,68.4
Florida Atlantic,"Boca Raton, FL",26.3586885,-80.0830984,61.39,0.0,58.9,61.7,64.5,67.9,72.1,75.7,76.7,76.9,75.9,73.1,67.5,62.0,74.7,76.3,78.1,81.3,84.7,87.3,89.0,89.3,87.4,84.1,79.8,76.4
Florida International,"Miami, FL",25.7742658,-80.1936589,51.73,0.0,59.9,62.3,64.9,68.3,72.9,76.0,77.3,77.4,76.5,73.5,68.1,63.0,76.4,78.1,80.3,83.2,87.0,89.5,90.9,91.0,89.3,86.2,81.7,77.9
Florida St.,"Tallahassee, FL",30.4380832,-84.2809332,58.06,0,39.0,41.9,47.1,52.3,61.6,69.5,72.0,72.1,68.1,57.3,47.5,41.1,63.5,67.5,73.8,79.9,87.0,91.0,92.1,91.5,88.4,81.4,73.0,65.3
Florida State,"Tallahassee, FL",30.4380832,-84.2809332,58.06,0,39.0,41.9,47.1,52.3,61.6,69.5,72.0,72.1,68.1,57.3,47.5,41.1,63.5,67.5,73.8,79.9,87.0,91.0,92.1,91.5,88.4,81.4,73.0,65.3
Fort Hays State,"Hays, KS",38.8791783,-99.3267702,24.52,1.18,16.4,19.6,28.4,38.2,49.8,60.1,64.7,63.4,53.6,40.5,27.3,18.1,42.5,46.4,56.4,66.2,75.3,85.6,91.9,90.3,81.8,69.3,55.2,42.9
Fresno St.,"Fresno, CA",36.7295295,-119.70886126075588,26.25,0.06,37.9,41.8,45.2,48.6,55.2,61.1,66.2,65.4,60.9,52.7,43.4,38.0,55.7,63.0,68.4,74.9,83.6,91.6,96.5,96.5,90.8,79.9,66.4,56.5
Fresno State,"Fresno, CA",36.7295295,-119.70886126075588,26.25,0.06,37.9,41.8,45.2,48.6,55.2,61.1,66.2,65.4,60.9,52.7,43.4,38.0,55.7,63.0,68.4,74.9,83.6,91.6,96.5,96.5,90.8,79.9,66.4,56.5
Furman,"Greenville, SC",34.851354,-82.3984882,54.95,0.04,31.2,33.7,39.8,48.5,57.9,67.0,70.4,69.4,61.8,50.7,41.7,34.0,49.9,53.1,61.6,71.7,79.1,85.6,88.8,87.9,81.1,71.4,61.7,51.7
Georgia,"Athens, GA",33.9597677,-83.376398,49.68,0.06,33.1,36.3,42.5,49.3,58.2,66.4,69.8,69.3,62.7,51.5,42.4,35.0,53.9,58.2,66.2,74.0,81.8,88.7,91.4,89.9,84.0,74.4,65.2,55.7
Georgia Southern,"Statesboro, GA",32.4490141,-81.7832912,48.74,0.01,36.5,39.2,45.1,51.9,61.0,68.7,71.1,70.4,65.6,55.3,45.7,38.7,59.7,63.5,70.1,77.7,85.3,90.7,93.0,91.3,86.1,78.5,70.5,61.6
Georgia State,"Atlanta, GA",33.7490987,-84.3901849,51.17,0.04,7.0,5.3,13.4,27.4,38.3,48.1,52.4,50.4,43.1,33.4,25.6,15.6,27.5,30.1,40.1,53.9,67.3,76.3,80.3,78.3,70.5,57.0,43.5,31.6
Georgia Tech,"Atlanta, GA",33.7490987,-84.3901849,51.17,0.04,7.0,5.3,13.4,27.4,38.3,48.1,52.4,50.4,43.1,33.4,25.6,15.6,27.5,30.1,40.1,53.9,67.3,76.3,80.3,78.3,70.5,57.0,43.5,31.6
Glenville State,"Glenville, WV",38.9342573,-80.8376033,46.85,4.48,22.2,23.9,30.1,39.0,48.6,58.5,63.2,62.0,53.7,41.7,32.8,25.6,42.2,46.1,55.4,67.2,75.2,82.7,85.8,85.2,79.2,68.7,57.6,45.2
Grambling State,"Grambling, LA",32.5276503,-92.7140403,55.75,0.03,32.8,36.1,42.8,50.5,59.7,66.7,69.7,69.0,62.4,51.6,42.7,34.8,54.9,58.9,67.0,74.9,81.9,88.4,91.6,91.9,86.0,76.1,66.0,56.6
Hampton,"Hampton, VA",37.0300969,-76.3452057,46.02,0.01,34.4,35.7,41.6,50.8,59.2,68.2,72.8,71.8,66.3,54.9,46.6,37.8,49.8,53.3,61.3,70.9,77.8,85.9,88.9,86.8,81.5,71.6,63.2,53.0
Hawaii,"Honolulu, HI",21.304547,-157.8556764,122.63,0.0,73.4,73.4,73.5,74.2,75.4,77.0,77.7,78.3,78.1,77.5,76.0,74.3,83.2,83.4,83.7,84.7,85.9,87.5,88.3,88.9,88.7,87.5,85.3,83.9
Hillsdale,"Hillsdale, MI",41.8779105,-84.5984396,37.96,5.16,14.5,16.0,24.3,35.2,46.0,56.0,59.3,57.4,49.4,38.7,30.1,20.0,30.3,34.0,44.2,57.9,68.7,78.1,82.2,79.9,72.9,60.4,47.2,34.4
Houston,"Houston, TX",29.7589382,-95.3676974,53.5,0.0,42.6,46.1,53.3,60.0,68.1,74.2,76.1,75.5,69.8,61.0,52.3,44.3,61.9,65.4,71.5,77.6,84.0,89.2,91.4,92.4,88.2,81.0,71.9,63.8
Idaho,"Moscow, ID",46.7323875,-117.0001651,24.94,3.45,25.1,26.6,31.4,35.5,40.9,45.2,48.5,48.7,42.8,36.0,30.4,23.5,37.3,42.0,50.2,58.3,66.8,73.6,83.8,85.1,75.4,60.7,44.1,35.5
Idaho State,"Pocatello, ID",42.8688613,-112.4401098,13.59,2.9,17.8,20.9,28.9,36.1,44.2,51.1,58.3,56.5,47.9,37.6,27.2,19.0,33.7,39.7,51.2,59.9,69.6,79.0,88.5,87.9,78.0,62.8,45.5,35.0
Illinois,"Champaign, IL",40.1164205,-88.2433829,41.02,2.32,15.9,20.5,30.0,39.8,50.6,59.8,62.8,60.5,51.9,41.1,32.1,21.2,32.7,37.6,50.4,63.2,73.2,82.3,84.0,82.4,77.3,65.1,50.5,37.1
Illinois State,"Normal, IL",40.5117699,-88.9944815,39.57,1.03,14.8,18.3,27.1,37.8,49.1,59.9,63.3,61.0,52.5,41.2,30.8,19.2,32.9,37.6,49.4,62.3,73.1,82.8,85.4,84.0,77.7,65.0,50.2,36.3
Indiana,"Bloomington, IN",39.1670396,-86.5342881,47.43,1.34,20.4,23.3,31.5,42.3,52.2,61.6,65.2,63.5,55.4,44.0,35.1,24.1,37.3,42.2,52.7,64.4,73.7,82.0,85.4,84.9,78.3,66.4,54.0,40.6
Indiana (PA),"Indiana, PA",40.6424116,-79.1262839,44.84,4.25,17.1,18.2,25.2,34.3,44.9,53.8,58.2,57.5,50.1,39.4,30.3,22.1,36.2,39.8,49.7,61.9,71.2,79.0,82.4,81.2,74.3,63.5,52.1,40.2
Iowa,"Iowa City, IA",41.6612561,-91.5299106,37.59,3.15,14.3,18.3,29.1,40.2,50.9,61.3,65.0,62.8,52.5,41.1,30.2,17.5,30.0,34.3,48.2,61.7,71.9,81.6,84.6,82.6,75.9,62.9,47.7,33.0
Iowa St.,"Ames, IA",42.0267703,-93.6170554,34.67,2.39,32.3,34.0,37.0,39.6,44.9,50.9,56.2,54.8,50.1,42.4,36.1,32.1,54.4,57.6,61.0,66.6,75.7,85.0,92.4,91.6,85.2,75.2,61.7,54.4
Iowa State,"Ames, IA",42.0267703,-93.6170554,34.67,2.39,32.3,34.0,37.0,39.6,44.9,50.9,56.2,54.8,50.1,42.4,36.1,32.1,54.4,57.6,61.0,66.6,75.7,85.0,92.4,91.6,85.2,75.2,61.7,54.4
Jackson State,"Jacksonville, AL",33.8269995,-85.78319335989826,54.59,0.1,29.5,32.6,39.1,45.7,55.4,63.4,67.4,66.7,59.8,47.7,38.8,31.7,52.4,56.6,65.3,72.9,79.5,85.9,88.8,88.4,83.1,74.0,64.2,54.5
Jacksonville St.,"Jacksonville, AL",33.8269995,-85.78319335989826,54.59,0.1,29.5,32.6,39.1,45.7,55.4,63.4,67.4,66.7,59.8,47.7,38.8,31.7,52.4,56.6,65.3,72.9,79.5,85.9,88.8,88.4,83.1,74.0,64.2,54.5
Jacksonville State,"Jacksonville, AL",33.8269995,-85.78319335989826,54.59,0.1,29.5,32.6,39.1,45.7,55.4,63.4,67.4,66.7,59.8,47.7,38.8,31.7,52.4,56.6,65.3,72.9,79.5,85.9,88.8,88.4,83.1,74.0,64.2,54.5
James Madison,"Harrisonburg, VA",38.4493315,-78.8688833,54.19,10.61,20.4,21.8,29.2,37.9,48.3,58.2,62.1,60.5,52.6,41.1,31.9,23.8,40.3,44.1,52.8,63.2,72.4,81.2,84.9,83.6,76.5,65.6,54.6,43.6
Kansas,"Lawrence, KS",38.9719384,-95.2359496,37.78,1.71,18.3,22.0,31.5,42.6,54.1,63.5,68.4,66.2,56.9,45.4,32.7,21.5,38.5,44.3,54.8,64.6,74.4,83.4,88.6,87.8,79.0,67.5,53.8,40.6
Kansas St.,"Manhattan, KS",39.1836082,-96.5716694,37.82,1.18,17.5,21.3,30.3,41.7,53.6,63.0,68.3,65.8,55.8,43.2,30.8,20.0,40.7,46.6,57.0,67.3,76.7,86.1,91.5,90.2,81.8,69.7,55.4,42.5
Kansas State,"Manhattan, KS",39.1836082,-96.5716694,37.82,1.18,17.5,21.3,30.3,41.7,53.6,63.0,68.3,65.8,55.8,43.2,30.8,20.0,40.7,46.6,57.0,67.3,76.7,86.1,91.5,90.2,81.8,69.7,55.4,42.5
Kent State,"Kent, OH",41.1536674,-81.357886,33.74,2.84,22.2,23.8,30.9,41.7,51.3,60.9,64.8,63.5,56.6,45.7,37.0,26.6,34.5,38.0,47.8,60.4,70.2,79.4,83.0,81.6,73.5,61.4,50.0,37.9
Kentucky,"Lexington, KY",38.0464066,-84.4970393,47.9,0.32,24.9,28.1,35.7,44.7,53.9,62.5,66.3,65.0,57.5,46.6,37.3,28.0,40.9,45.6,55.4,65.8,74.4,82.9,86.1,85.6,78.8,67.5,55.4,43.9
Lane (TN),"Lane, TN",36.1942358,-89.3622943,51.58,0.25,26.3,30.2,38.1,47.1,56.6,65.2,68.8,67.3,58.6,46.8,37.9,29.5,45.1,49.8,60.1,69.8,78.4,86.5,89.3,88.8,82.5,72.5,60.1,48.6
Liberty,"Lynchburg, VA",37.4137536,-79.1422464,43.43,0.85,23.6,25.6,31.7,40.2,49.6,59.2,63.3,62.0,55.3,41.7,33.0,26.0,46.0,49.6,58.6,67.5,74.5,82.0,84.4,83.9,78.1,68.8,59.3,48.7
Louisiana,"Lafayette, LA",30.2240897,-92.0198427,60.5,0,29.5,33.1,39.2,45.9,55.1,63.2,66.9,66.6,59.7,48.4,39.0,31.6,55.5,59.9,67.9,75.4,82.2,87.9,90.7,89.6,84.7,75.6,66.4,57.1
Louisiana St,"Baton Rouge, LA",30.4459596,-91.18738,61.77,0.02,37.2,40.6,47.1,53.3,61.7,68.1,70.5,70.4,65.2,54.3,46.1,39.0,60.6,64.6,72.0,78.5,85.5,90.5,92.0,92.3,88.9,80.8,71.4,62.7
Louisiana State,"Baton Rouge, LA",30.4459596,-91.18738,61.77,0.02,37.2,40.6,47.1,53.3,61.7,68.1,70.5,70.4,65.2,54.3,46.1,39.0,60.6,64.6,72.0,78.5,85.5,90.5,92.0,92.3,88.9,80.8,71.4,62.7
Louisiana Tech,"Ruston, LA",32.5232053,-92.637927,55.75,0.03,32.8,36.1,42.8,50.5,59.7,66.7,69.7,69.0,62.4,51.6,42.7,34.8,54.9,58.9,67.0,74.9,81.9,88.4,91.6,91.9,86.0,76.1,66.0,56.6
Louisiana-Lafayette,"Lafayette, LA",30.2240897,-92.0198427,60.5,0,29.5,33.1,39.2,45.9,55.1,63.2,66.9,66.6,59.7,48.4,39.0,31.6,55.5,59.9,67.9,75.4,82.2,87.9,90.7,89.6,84.7,75.6,66.4,57.1
Louisiana-Monroe,"Monroe, LA",38.2722313,-90.1792484,42.41,1.51,23.3,26.8,36.4,45.8,55.4,64.6,68.2,66.4,58.8,48.0,37.7,26.6,39.2,44.2,55.0,66.5,75.8,84.4,87.7,87.1,79.5,68.0,55.7,42.4
Louisville,"Louisville, KY",38.2542376,-85.759407,43.26,1.24,26.5,29.7,37.4,47.0,56.2,65.5,68.5,68.0,59.2,47.7,38.5,29.4,42.5,46.6,56.6,67.1,76.3,84.6,87.2,87.1,80.0,68.7,56.4,45.1
LSU,"Baton Rouge, LA",30.4459596,-91.18738,61.77,0.02,37.2,40.6,47.1,53.3,61.7,68.1,70.5,70.4,65.2,54.3,46.1,39.0,60.6,64.6,72.0,78.5,85.5,90.5,92.0,92.3,88.9,80.8,71.4,62.7
Mars Hill,"Mars Hill, NC",35.8263793,-82.5486848,42.55,0.73,22.5,25.1,30.7,37.9,47.2,56.3,60.5,59.8,52.5,40.5,31.3,25.0,46.2,50.2,58.5,67.9,75.3,81.9,84.8,84.2,78.5,69.3,59.2,48.3
Marshall,"Huntington, WV",38.4192496,-82.445154,47.35,1.83,24.7,26.7,33.4,42.7,52.5,62.1,66.2,64.7,56.6,44.5,36.0,28.6,43.2,47.1,56.8,68.6,76.4,84.2,87.3,86.6,80.2,70.0,58.1,46.1
Maryland,"College Park, MD",38.980666,-76.9369189,41.84,0.8,26.2,28.5,35.0,44.5,54.2,64.1,69.4,66.9,59.6,47.0,38.0,30.2,43.4,47.4,55.5,67.0,76.4,84.8,88.7,87.4,80.4,69.1,58.7,46.9
Massachusetts,"Amherst, MA",42.3685658,-72.505714,49.83,4.73,13.2,15.9,24.3,34.5,44.7,54.6,59.2,57.6,49.2,37.5,29.6,19.9,33.1,37.1,45.3,58.3,69.2,77.6,82.2,80.7,73.3,61.5,49.4,37.9
McNeese State,"Lake Charles, LA",30.2265949,-93.2173759,49.8,0.17,31.0,34.2,41.3,48.6,58.2,66.1,69.6,68.5,61.0,49.4,40.9,33.4,54.3,58.4,67.2,75.0,82.1,88.6,91.7,92.2,86.5,76.6,65.7,55.8
Memphis,"Memphis, TN",35.1490215,-90.0516285,53.4,0.17,29.9,33.4,43.0,52.1,61.3,68.9,72.6,71.2,62.4,51.3,42.1,32.7,47.8,52.8,62.0,71.9,79.9,87.0,90.4,90.0,83.5,73.2,61.4,50.4
Miami,"Miami, FL",25.7742658,-80.1936589,51.73,0.0,59.9,62.3,64.9,68.3,72.9,76.0,77.3,77.4,76.5,73.5,68.1,63.0,76.4,78.1,80.3,83.2,87.0,89.5,90.9,91.0,89.3,86.2,81.7,77.9
Miami (FL),"Miami, FL",25.7742658,-80.1936589,51.73,0.0,59.9,62.3,64.9,68.3,72.9,76.0,77.3,77.4,76.5,73.5,68.1,63.0,76.4,78.1,80.3,83.2,87.0,89.5,90.9,91.0,89.3,86.2,81.7,77.9
Miami (OH),"Miami, OH",40.0580258,-84.2236524,42.1,1.86,19.6,22.5,30.9,40.9,51.9,61.1,64.9,62.8,55.4,44.0,34.0,23.6,35.3,40.5,50.8,63.4,73.3,81.5,84.9,83.4,77.5,65.6,52.2,39.3
Michigan,"Ann Arbor, MI",42.2681569,-83.7312291,36.42,3.67,16.4,16.8,24.9,36.3,47.1,56.6,61.1,59.4,51.2,39.1,31.3,21.5,31.3,34.8,44.5,59.3,69.3,77.5,81.8,79.6,73.2,61.6,48.3,35.5
Michigan St.,"East Lansing, MI",42.7355416,-84.4852469,35.59,4.13,17.1,18.7,26.9,37.9,48.0,57.6,61.2,59.9,51.5,41.2,32.9,22.4,30.5,33.7,44.1,57.5,68.9,78.5,82.2,80.6,73.5,60.5,47.5,34.9
Michigan State,"East Lansing, MI",42.7355416,-84.4852469,35.59,4.13,17.1,18.7,26.9,37.9,48.0,57.6,61.2,59.9,51.5,41.2,32.9,22.4,30.5,33.7,44.1,57.5,68.9,78.5,82.2,80.6,73.5,60.5,47.5,34.9
Middle Tennessee St.,"Murfreesboro, TN",35.845999,-86.3920452,55.69,0.46,25.4,28.1,35.5,43.9,53.4,62.5,66.6,65.1,57.0,44.8,36.5,28.5,48.2,52.7,61.8,71.3,79.2,86.7,90.0,90.1,84.0,73.3,62.3,51.0
Middle Tennessee State,"Murfreesboro, TN",35.845999,-86.3920452,55.69,0.46,25.4,28.1,35.5,43.9,53.4,62.5,66.6,65.1,57.0,44.8,36.5,28.5,48.2,52.7,61.8,71.3,79.2,86.7,90.0,90.1,84.0,73.3,62.3,51.0
Minnesota,"Minneapolis, MN",44.9772995,-93.2654692,31.16,3.78,7.5,12.7,24.4,38.0,50.1,59.8,65.2,63.3,54.2,41.0,27.1,12.1,24.5,29.3,42.1,59.0,71.5,81.4,86.1,83.5,74.0,58.9,41.1,26.9
Minnesota-Morris,"Morris, MN",45.586072,-95.913941,25.38,4.06,0.2,5.4,19.0,32.9,45.4,55.5,59.5,56.6,46.9,34.0,20.6,6.2,19.7,24.5,36.7,54.8,68.3,77.0,81.2,79.6,71.0,56.8,38.6,23.7
Mississippi,"Oxford, MS",34.3664127,-89.5187664,58.16,0.05,29.6,33.1,40.3,48.4,58.5,66.7,70.3,69.0,61.0,48.7,40.5,32.3,51.4,56.2,65.0,73.6,81.4,88.4,91.2,91.1,85.4,75.2,64.6,53.8
Mississippi St.,"Starkville, MS",33.4503998,-88.8183872,55.62,0.0,30.8,34.2,41.3,49.7,59.3,67.1,70.7,69.2,61.7,49.6,41.2,33.5,53.4,58.1,66.3,74.4,82.0,88.6,91.5,91.4,85.8,76.0,65.8,56.0
Mississippi State,"Starkville, MS",33.4503998,-88.8183872,55.62,0.0,30.8,34.2,41.3,49.7,59.3,67.1,70.7,69.2,61.7,49.6,41.2,33.5,53.4,58.1,66.3,74.4,82.0,88.6,91.5,91.4,85.8,76.0,65.8,56.0
Missouri,"Columbia, MO",38.951883,-92.3337366,41.3,1.62,22.4,26.0,35.1,45.7,55.2,64.6,68.8,67.2,58.1,46.6,36.7,25.2,39.7,45.0,56.0,66.8,75.2,84.5,89.6,88.3,79.9,68.0,54.9,42.0
Missouri Southern,"Joplin, MO",37.08418,-94.51323,46.55,0.57,8.9,12.0,20.8,29.8,39.4,46.9,52.2,51.0,41.0,30.8,19.3,9.5,30.7,34.5,44.1,56.4,66.4,74.0,82.9,82.2,70.4,57.4,40.5,30.3
Missouri Western,"St. Joseph, MO",39.7686055,-94.8466322,37.23,1.78,17.4,21.6,31.4,42.5,53.3,63.3,67.1,64.3,54.0,42.5,31.0,19.7,37.1,42.3,54.5,65.8,75.4,84.0,87.0,86.3,79.1,67.0,52.9,39.2
Montana,"Missoula, MT",46.8701049,-113.9952672,18.29,11.18,19.2,21.7,27.8,33.1,40.0,46.5,51.6,50.8,42.7,33.6,25.7,17.4,33.9,39.3,48.7,56.9,65.5,73.3,83.6,82.9,71.6,56.6,40.7,31.4
Montana St,"Bozeman, MT",45.6794293,-111.0440474,20.19,5.59,14.1,16.3,23.2,30.0,38.0,44.8,50.8,49.2,41.0,31.8,21.6,12.7,36.0,39.1,47.8,56.8,65.4,73.8,83.4,83.0,72.3,59.4,43.3,34.1
Montana State,"Bozeman, MT",45.6794293,-111.0440474,20.19,5.59,14.1,16.3,23.2,30.0,38.0,44.8,50.8,49.2,41.0,31.8,21.6,12.7,36.0,39.1,47.8,56.8,65.4,73.8,83.4,83.0,72.3,59.4,43.3,34.1
Morgan State,"Baltimore, MD",39.284749399999995,-76.62047463969989,43.37,0.8,31.8,34.1,40.1,50.8,60.9,70.7,75.0,73.1,65.3,54.1,43.6,34.8,46.4,49.1,58.6,69.4,79.4,88.8,92.1,89.9,82.5,71.4,60.5,49.7
Navy,"Annapolis, MD",38.9786401,-76.492786,45.2,1.57,29.2,31.1,38.3,47.5,56.7,66.6,71.4,70.6,63.6,51.6,41.5,32.8,44.5,48.2,56.6,68.2,77.0,85.6,89.5,87.5,80.9,69.2,58.9,48.3
Nebraska,"Lincoln, NE",40.8088861,-96.7077751,28.95,2.21,13.7,18.2,27.8,38.7,50.2,61.1,66.9,63.7,53.5,40.7,28.2,17.1,35.1,39.6,51.5,63.6,73.6,83.7,88.6,85.9,78.2,66.1,50.8,37.1
Nevada,"Reno, NV",39.5261206,-119.8126581,22.43,0.09,25.4,28.2,32.7,36.4,44.2,52.0,61.3,58.6,50.5,40.6,32.3,25.6,43.2,47.8,55.3,61.9,71.3,81.4,90.8,88.5,79.3,66.3,52.2,43.0
New Mexico,"Albuquerque, NM",35.0841034,-106.6509851,10.21,2.65,26.1,30.3,35.7,43.0,52.5,61.6,66.4,65.1,57.9,46.1,34.1,26.5,46.8,52.5,60.5,69.0,78.8,88.3,90.1,87.2,80.7,69.0,55.8,46.1
New Mexico St.,"Las Cruces, NM",32.3140354,-106.7798078,9.52,0.04,29.1,32.7,38.2,44.9,53.7,62.4,68.0,66.8,59.9,47.4,35.7,29.1,58.6,63.5,70.1,77.8,86.8,94.8,94.9,92.1,87.7,78.6,67.3,57.8
New Mexico State,"Las Cruces, NM",32.3140354,-106.7798078,9.52,0.04,29.1,32.7,38.2,44.9,53.7,62.4,68.0,66.8,59.9,47.4,35.7,29.1,58.6,63.5,70.1,77.8,86.8,94.8,94.9,92.1,87.7,78.6,67.3,57.8
Nicholls State,"Thibodaux, LA",29.7957633,-90.822871,63.9,0,42.2,45.8,51.3,57.8,65.7,71.2,73.2,72.7,68.7,58.9,51.4,44.3,62.7,65.8,72.2,78.5,85.3,89.3,91.0,91.1,87.7,80.6,72.7,65.3
Norfolk State,"Norfolk, VA",36.8889933,-76.2481624,48.54,0.31,32.9,34.2,40.3,48.7,57.4,66.9,71.0,69.6,63.3,52.7,43.3,34.9,48.6,52.3,60.0,70.1,78.3,85.0,89.1,86.3,80.9,71.2,61.9,52.4
North Alabama,"Florence, AL",34.79981,-87.677251,53.2,0.04,29.1,31.9,39.4,48.3,56.9,64.3,68.3,67.4,60.2,48.0,39.6,32.5,49.7,54.0,63.5,71.7,79.5,86.6,89.4,90.1,83.6,73.3,62.5,52.5
North Carolina,"Chapel Hill, NC",35.9131542,-79.05578,47.35,0.23,28.6,30.8,37.5,46.1,54.9,64.0,67.8,66.7,59.5,47.1,38.2,31.1,49.6,53.7,61.7,71.1,78.3,85.7,89.0,87.5,81.2,71.6,62.7,52.6
North Carolina A&T,"Greensboro, NC",36.0726355,-79.7919754,46.1,0.18,29.5,32.4,39.1,47.3,56.1,65.3,69.1,68.0,60.6,48.8,39.6,32.0,48.3,52.5,60.9,70.2,77.5,84.8,87.9,86.3,79.7,70.3,60.8,50.7
North Carolina Central,"Durham, NC",35.996653,-78.9018053,47.31,0.3,27.1,29.4,35.3,43.6,53.9,63.5,68.1,66.4,58.9,46.2,37.2,29.4,48.5,52.6,61.4,70.5,77.2,84.1,87.1,85.7,79.3,69.8,60.9,51.8
North Carolina St.,"Raleigh, NC",35.7803977,-78.6390989,46.22,0.23,30.0,32.2,39.2,47.7,56.5,65.5,69.3,68.1,61.3,49.5,41.1,32.9,50.9,55.0,62.9,72.4,79.9,87.2,90.1,88.5,82.3,72.5,63.4,53.8
North Carolina State,"Raleigh, NC",35.7803977,-78.6390989,46.22,0.23,30.0,32.2,39.2,47.7,56.5,65.5,69.3,68.1,61.3,49.5,41.1,32.9,50.9,55.0,62.9,72.4,79.9,87.2,90.1,88.5,82.3,72.5,63.4,53.8
North Dakota St,"Fargo, ND",46.877229,-96.789821,24.73,2.82,0.2,5.0,18.8,33.2,46.4,56.0,60.8,58.9,48.9,35.4,21.2,6.2,18.3,23.5,36.4,55.9,69.1,77.4,82.4,81.4,70.8,55.5,36.9,22.0
North Dakota State,"Fargo, ND",46.877229,-96.789821,24.73,2.82,0.2,5.0,18.8,33.2,46.4,56.0,60.8,58.9,48.9,35.4,21.2,6.2,18.3,23.5,36.4,55.9,69.1,77.4,82.4,81.4,70.8,55.5,36.9,22.0
North Texas,"Denton, TX",33.1838787,-97.1413417,38.67,0.1,33.0,36.3,43.6,52.4,62.6,70.1,73.6,73.2,65.5,54.5,43.8,34.7,55.8,59.4,67.5,75.6,82.9,90.5,95.3,95.7,87.8,77.5,66.3,56.6
Northern Arizona,"Flagstaff, AZ",35.1987522,-111.6518229,23.16,7.44,17.3,19.3,23.6,28.5,35.0,41.9,50.9,50.1,42.0,31.5,22.9,16.8,42.5,44.8,50.4,58.2,68.1,77.9,81.2,78.4,72.9,62.0,50.5,42.5
Northern Colorado,"Greeley, CO",40.4233142,-104.7091322,14.69,4.72,16.6,20.0,27.6,35.1,44.6,53.1,58.6,56.9,47.6,36.0,25.3,16.6,46.0,50.0,60.0,67.9,77.3,87.3,93.8,91.4,83.0,69.7,55.1,44.7
Northern Illinois,"DeKalb, IL",41.8903447,-88.7713953,36.98,2.71,12.8,16.8,27.0,37.7,48.5,58.9,62.9,61.0,52.3,40.2,29.7,17.2,27.9,32.8,44.9,59.0,70.3,80.0,83.3,81.3,74.5,61.9,46.4,31.9
Northern Iowa,"Cedar Falls, IA",42.5274123,-92.4453179,36.29,3.43,9.5,14.6,26.0,37.2,49.0,58.9,62.8,60.2,50.7,38.7,26.8,13.5,27.4,32.2,45.6,60.6,72.0,81.2,84.4,82.2,75.3,61.9,45.9,30.8
Northwestern,"Evanston, IL",42.0447388,-87.6930459,37.75,3.49,17.7,21.3,29.1,39.3,48.9,58.8,64.7,64.2,55.9,44.0,33.4,21.9,32.1,36.4,46.9,58.9,69.8,79.1,83.4,82.2,75.1,62.7,49.1,36.1
Northwestern St. (LA),"Natchitoches, LA",31.7606732,-93.0860209,54.61,0.06,37.5,40.6,47.1,54.5,64.2,71.5,74.7,73.8,67.0,55.6,46.7,39.2,58.2,62.6,70.2,78.0,85.2,90.9,93.7,94.3,88.6,79.4,69.2,60.2
Northwestern State,"Natchitoches, LA",31.7606732,-93.0860209,54.61,0.06,37.5,40.6,47.1,54.5,64.2,71.5,74.7,73.8,67.0,55.6,46.7,39.2,58.2,62.6,70.2,78.0,85.2,90.9,93.7,94.3,88.6,79.4,69.2,60.2
Notre Dame,"Notre Dame, IN",41.704567749999995,-86.23822026017265,40.97,2.64,17.6,20.5,28.4,38.6,48.6,58.7,63.1,61.7,53.7,42.6,33.3,22.4,31.3,35.1,46.5,59.5,70.0,79.4,82.9,80.9,74.0,61.7,48.2,35.2
Ohio,"Athens, OH",39.355589,-82.0610404,39.37,0.69,20.6,22.8,30.2,39.3,48.8,58.5,62.8,61.3,53.0,41.2,32.7,25.0,37.4,41.6,51.8,64.0,72.1,80.0,82.9,82.2,75.6,64.7,53.0,41.0
Ohio St.,"Columbus, OH",39.9622601,-83.0007065,40.18,1.41,18.6,21.4,28.9,39.9,50.3,59.8,63.6,61.3,53.5,41.3,32.4,23.4,37.0,42.0,52.1,65.1,74.8,83.4,86.3,85.0,79.1,67.0,54.3,41.5
Ohio State,"Columbus, OH",39.9622601,-83.0007065,40.18,1.41,18.6,21.4,28.9,39.9,50.3,59.8,63.6,61.3,53.5,41.3,32.4,23.4,37.0,42.0,52.1,65.1,74.8,83.4,86.3,85.0,79.1,67.0,54.3,41.5
Oklahoma,"Norman, OK",35.2225717,-97.4394816,36.6,0.15,26.9,29.8,38.4,47.9,59.0,67.0,71.2,70.0,61.9,49.2,38.5,29.4,48.8,53.7,62.5,71.4,79.2,86.3,92.3,92.3,84.0,72.9,61.0,50.3
Oklahoma St.,"Stillwater, OK",36.1156306,-97.0585717,38.35,0.82,23.0,27.2,36.1,45.0,56.0,64.9,69.4,68.2,58.8,46.5,35.8,25.5,48.8,53.0,61.8,71.9,79.3,87.3,92.9,93.3,84.8,73.6,61.3,49.8
Oklahoma State,"Stillwater, OK",36.1156306,-97.0585717,38.35,0.82,23.0,27.2,36.1,45.0,56.0,64.9,69.4,68.2,58.8,46.5,35.8,25.5,48.8,53.0,61.8,71.9,79.3,87.3,92.9,93.3,84.8,73.6,61.3,49.8
Old Dominion,"Norfolk, VA",36.8889933,-76.2481624,48.54,0.31,32.9,34.2,40.3,48.7,57.4,66.9,71.0,69.6,63.3,52.7,43.3,34.9,48.6,52.3,60.0,70.1,78.3,85.0,89.1,86.3,80.9,71.2,61.9,52.4
Oregon,"Eugene, OR",44.0505054,-123.0950506,47.04,0.25,34.2,34.8,37.1,39.5,43.5,47.6,51.4,51.1,47.0,41.2,37.6,33.8,47.2,51.1,56.2,60.8,67.0,73.2,82.3,82.8,76.9,64.2,52.2,45.6
Oregon St.,"Corvallis, OR",44.5645659,-123.2620435,89.75,1.6,34.2,34.7,37.3,39.6,44.1,48.5,51.8,51.1,47.7,41.7,37.9,33.4,47.1,50.9,56.1,60.8,67.2,73.2,81.7,82.6,77.0,64.7,52.6,45.8
Oregon State,"Corvallis, OR",44.5645659,-123.2620435,89.75,1.6,34.2,34.7,37.3,39.6,44.1,48.5,51.8,51.1,47.7,41.7,37.9,33.4,47.1,50.9,56.1,60.8,67.2,73.2,81.7,82.6,77.0,64.7,52.6,45.8
Penn St.,"State College, PA",40.7944504,-77.8616386,42.52,2.06,20.2,21.7,28.2,39.3,49.3,58.7,62.6,61.0,53.1,42.1,33.9,24.8,34.2,37.5,46.4,59.8,69.7,77.9,81.6,80.2,72.3,61.2,49.8,38.1
Penn State,"University Park, PA",40.8087493,-77.8585662,42.52,2.06,20.2,21.7,28.2,39.3,49.3,58.7,62.6,61.0,53.1,42.1,33.9,24.8,34.2,37.5,46.4,59.8,69.7,77.9,81.6,80.2,72.3,61.2,49.8,38.1
Pittsburgh,"Pittsburgh, PA",40.4416941,-79.9900861,37.97,2.82,20.8,21.9,29.6,38.6,50.8,60.6,65.7,63.4,55.3,44.2,34.4,25.2,37.1,40.1,49.8,61.9,71.2,79.4,83.2,81.9,75.4,63.7,52.8,40.7
Portland State,"Portland, OR",45.5202471,-122.6741949,42.85,0.18,37.2,40.0,43.3,46.5,53.5,60.0,63.0,60.6,57.0,50.3,42.3,36.9,55.2,61.0,66.5,72.7,81.0,88.6,94.0,92.9,89.1,78.6,64.1,55.2
Purdue,"West Lafayette, IN",40.4258686,-86.9080655,39.35,2.34,15.0,17.9,25.4,37.1,47.0,58.5,62.5,60.5,53.4,41.0,31.7,20.1,38.0,42.5,54.6,68.1,77.2,87.2,90.5,88.5,81.6,68.1,54.7,40.1
Rice,"Houston, TX",29.7589382,-95.3676974,53.5,0.0,42.6,46.1,53.3,60.0,68.1,74.2,76.1,75.5,69.8,61.0,52.3,44.3,61.9,65.4,71.5,77.6,84.0,89.2,91.4,92.4,88.2,81.0,71.9,63.8
Richmond,"Richmond, VA",37.5385087,-77.43428,44.84,1.65,28.3,30.5,37.1,46.1,55.0,64.5,68.9,67.4,60.1,48.3,39.4,31.4,47.4,51.3,60.0,70.3,77.9,86.1,89.7,87.6,81.2,71.0,61.4,50.7
Rutgers,"Piscataway, NJ",40.5462553,-74.4660408,48.93,1.79,23.0,25.2,31.8,41.0,50.3,60.0,65.3,63.7,56.1,44.5,36.3,27.8,39.3,43.0,52.4,63.9,73.9,82.5,86.9,85.2,77.9,65.7,54.7,43.3
Sam Houston State,"Huntsville, TX",30.7235263,-95.5507771,46.8,0.02,39.7,42.9,49.5,56.6,64.7,70.9,73.1,72.9,67.6,58.7,49.6,41.4,59.2,62.9,70.3,77.8,84.6,90.3,93.3,94.1,88.4,79.7,69.5,60.6
Samford,"Homewood, AL",33.4717732,-86.8008228,58.91,0.08,33.8,37.1,43.7,50.5,59.7,67.7,71.4,70.8,64.3,52.9,43.5,36.3,53.8,58.4,66.7,74.4,81.5,87.7,90.8,90.6,85.1,75.3,65.4,55.9
San Diego,"San Diego, CA",32.7174209,-117.1627714,10.34,0.0,49.0,50.7,53.2,55.9,59.4,62.0,65.4,66.7,65.2,60.6,53.6,48.4,65.1,65.0,65.6,67.5,68.5,70.8,74.6,76.4,75.9,72.8,69.0,64.7
San Diego St.,"San Diego, CA",32.7174209,-117.1627714,10.34,0.0,49.0,50.7,53.2,55.9,59.4,62.0,65.4,66.7,65.2,60.6,53.6,48.4,65.1,65.0,65.6,67.5,68.5,70.8,74.6,76.4,75.9,72.8,69.0,64.7
San Diego State,"San Diego, CA",32.7174209,-117.1627714,10.34,0.0,49.0,50.7,53.2,55.9,59.4,62.0,65.4,66.7,65.2,60.6,53.6,48.4,65.1,65.0,65.6,67.5,68.5,70.8,74.6,76.4,75.9,72.8,69.0,64.7
San Jose St,"San Jose, CA",37.3361905,-121.8905833,15.82,0.0,42.0,44.7,46.6,48.6,52.4,56.0,58.1,58.3,56.8,52.5,46.0,41.9,58.1,61.9,65.7,69.3,74.3,79.1,81.9,81.9,80.1,74.0,64.3,58.0
San Jose St.,"San Jose, CA",37.3361905,-121.8905833,15.82,0.0,42.0,44.7,46.6,48.6,52.4,56.0,58.1,58.3,56.8,52.5,46.0,41.9,58.1,61.9,65.7,69.3,74.3,79.1,81.9,81.9,80.1,74.0,64.3,58.0
San Jose State,"San Jose, CA",37.3361905,-121.8905833,15.82,0.0,42.0,44.7,46.6,48.6,52.4,56.0,58.1,58.3,56.8,52.5,46.0,41.9,58.1,61.9,65.7,69.3,74.3,79.1,81.9,81.9,80.1,74.0,64.3,58.0
Savannah State,"Savannah, GA",32.0809263,-81.0911768,50.31,0.01,38.6,41.7,47.6,53.6,62.1,69.8,72.8,72.4,67.8,57.5,47.9,40.8,60.4,64.3,70.9,77.6,84.6,89.9,92.4,90.6,86.0,78.4,70.6,62.5
Shepherd,"Shepherdstown, WV",39.4300996,-77.804161,41.01,3.26,20.7,22.6,29.6,38.2,48.1,57.9,61.7,60.1,52.9,41.1,32.8,23.7,40.9,43.9,52.9,64.3,74.1,82.5,86.6,85.4,78.3,68.2,56.2,43.6
SMU,"Dallas, TX",32.7762719,-96.7968559,40.55,0.1,37.3,41.1,48.5,56.2,65.4,72.8,76.7,76.8,69.0,58.2,47.6,38.5,56.8,60.8,68.7,76.7,84.2,91.6,96.0,96.4,88.7,78.5,67.1,57.5
South Alabama,"Mobile, AL",30.6943566,-88.0430541,65.28,0.0,40.4,43.8,49.8,56.7,64.7,71.4,73.7,73.6,69.7,59.1,49.8,43.4,60.0,63.2,69.8,76.1,83.0,88.2,90.4,90.5,87.3,79.4,70.3,61.9
South Carolina,"Columbia, SC",34.0007493,-81.0343313,45.47,0.04,37.4,40.9,46.8,54.2,62.5,70.0,73.1,72.4,66.6,55.4,46.5,39.2,58.2,63.0,71.1,79.6,86.6,92.4,95.0,93.1,87.9,78.5,69.2,60.1
South Carolina State,"Orangeburg, SC",33.4918203,-80.8556476,45.79,0.03,33.5,36.5,42.7,49.7,58.6,67.2,70.2,69.7,63.7,52.4,42.4,35.3,55.4,59.5,66.8,74.4,81.8,87.6,90.0,88.8,83.6,75.0,66.8,57.9
South Dakota St.,"Brookings, SD",44.3763598,-96.7925213,26.74,4.07,2.9,8.1,20.6,32.7,44.6,54.8,59.1,56.8,47.0,33.8,21.1,7.4,22.9,27.8,39.4,55.4,67.5,76.6,81.6,79.7,71.1,57.7,40.2,26.0
South Florida,"Tampa, FL",27.9477595,-82.458444,52.84,0.0,51.6,54.4,58.2,63.0,69.7,74.8,75.9,76.2,74.5,68.0,60.3,54.2,69.9,72.5,76.3,81.0,87.2,89.6,90.1,90.2,88.9,84.3,78.0,72.0
Southeastern Louisiana,"Hammond, LA",41.5833658,-87.500043,37.33,2.71,19.8,22.9,30.9,42.2,51.7,61.9,69.5,68.6,61.1,49.2,37.5,24.9,32.2,36.4,45.8,56.9,67.8,77.1,83.4,81.5,74.5,62.8,49.2,36.3
Southern,"Baton Rouge, LA",30.4459596,-91.18738,61.77,0.02,37.2,40.6,47.1,53.3,61.7,68.1,70.5,70.4,65.2,54.3,46.1,39.0,60.6,64.6,72.0,78.5,85.5,90.5,92.0,92.3,88.9,80.8,71.4,62.7
Southern California,"Los Angeles, CA",34.0536909,-118.2427666,15.32,0.0,47.8,49.3,51.0,53.5,57.1,60.3,63.6,64.1,63.1,58.7,52.0,47.5,68.2,68.6,70.2,72.7,74.5,78.1,83.1,84.4,83.1,78.5,72.8,67.7
Southern Illinois,"Carbondale, IL",37.7274692,-89.216655,47.17,1.15,23.0,26.2,34.6,44.3,54.6,63.6,67.3,64.3,55.3,43.7,35.6,25.9,41.8,46.9,57.1,68.3,77.0,85.6,89.0,88.7,81.6,70.3,57.7,45.0
Southern Methodist,"Dallas, TX",32.7762719,-96.7968559,40.55,0.1,37.3,41.1,48.5,56.2,65.4,72.8,76.7,76.8,69.0,58.2,47.6,38.5,56.8,60.8,68.7,76.7,84.2,91.6,96.0,96.4,88.7,78.5,67.1,57.5
Southern Miss,"Hattiesburg, MS",31.3271189,-89.2903392,61.59,0.05,37.3,40.2,46.8,52.6,61.7,68.3,71.6,70.8,65.9,54.5,45.0,39.6,59.9,63.4,71.3,78.0,85.6,89.9,92.1,92.2,87.7,79.5,70.0,61.8
Southern Oregon,"Ashland, OR",42.1972487,-122.7153995,25.7,1.6,28.9,29.7,31.9,34.9,40.7,45.8,50.1,49.0,42.7,35.9,31.7,28.7,49.2,54.0,58.3,63.5,70.9,78.7,87.7,87.0,80.4,68.0,53.5,47.6
Southern Utah,"Cedar City, UT",37.6774238,-113.0618277,15.45,36.84,16.6,20.5,25.9,31.6,39.4,47.8,56.2,54.9,44.9,33.5,23.3,16.1,41.6,46.1,54.3,61.6,72.2,83.3,89.9,87.4,78.8,65.8,51.8,41.6
Stanford,"Stanford, CA",37.427467,-122.1702445,39.28,0.01,38.5,40.6,43.1,44.7,48.7,52.4,55.1,54.9,52.5,48.1,42.4,38.0,58.4,61.6,65.7,69.7,74.3,78.4,79.6,79.4,79.5,74.0,64.8,58.3
Stillman,"Tuscaloosa, AL",33.2095614,-87.5675258,51.85,0.01,34.9,38.4,45.1,51.6,61.0,68.5,72.1,71.6,65.3,53.5,44.1,37.3,56.3,61.2,69.7,77.2,84.1,90.2,92.7,92.6,87.7,77.7,67.7,58.2
Syracuse,"Syracuse, NY",43.0481221,-76.1474244,43.01,10.66,16.8,17.7,25.7,36.7,47.5,57.8,62.7,61.0,53.9,43.0,34.0,23.2,31.7,34.5,42.4,57.0,68.5,77.5,81.6,80.5,72.6,60.3,49.0,37.2
TCU,"Fort Worth, TX",32.753177,-97.3327459,37.8,0.02,35.1,38.7,45.9,53.9,63.4,70.7,74.4,74.3,66.7,56.0,45.6,36.3,56.4,60.1,67.6,75.8,83.5,91.0,95.0,95.8,88.2,77.6,66.5,57.0
Temple,"Philadelphia, PA",39.9527237,-75.1635262,45.38,0.19,27.4,29.3,36.4,46.0,55.7,65.6,70.2,69.1,61.5,50.3,41.7,32.2,40.4,44.5,53.2,64.8,74.9,84.2,88.0,86.3,78.7,67.2,56.1,44.6
Tennessee,"Knoxville, TN",35.9603948,-83.9210261,45.75,0.89,27.2,29.6,36.1,43.7,53.4,62.6,66.8,65.5,58.2,46.0,36.3,29.7,47.0,51.6,61.0,69.8,77.6,84.9,87.8,87.5,82.1,71.5,60.4,49.5
Tennessee State,"Nashville, TN",36.1622296,-86.7743531,47.85,0.46,28.4,31.6,39.0,47.5,56.8,65.4,69.5,68.4,60.7,48.9,39.4,31.3,46.9,51.8,61.0,70.5,78.2,86.0,89.3,89.0,82.4,71.7,60.3,49.5
Tennessee Tech,"Cookeville, TN",36.1623886,-85.4997057,51.41,0.8,25.7,27.8,34.8,42.5,52.2,61.1,65.3,63.8,56.1,44.0,35.5,28.5,46.4,50.7,59.6,69.0,76.8,84.2,87.3,87.0,81.3,71.2,60.6,49.3
Tennessee-Martin,"Martin, TN",36.3433965,-88.850338,53.19,1.23,25.6,29.1,37.8,47.2,57.1,65.9,69.7,67.5,58.7,47.0,38.1,28.6,45.2,50.0,59.8,70.1,78.9,87.0,90.3,90.1,83.6,72.6,60.3,48.3
Texas,"Austin, TX",30.2711286,-97.7436995,34.64,0.04,41.5,44.8,51.3,58.6,66.7,72.3,74.4,74.6,69.4,60.6,50.6,42.3,61.5,65.2,72.2,79.8,86.5,92.1,95.6,97.0,90.5,81.8,71.4,62.7
Texas A&M,"College Station, TX",30.5955289,-96.3071042,41.68,0.0,41.2,44.4,51.0,58.1,66.6,72.7,74.6,74.5,69.4,60.3,50.5,42.2,61.0,64.8,71.7,78.9,85.8,91.7,94.8,96.2,90.5,81.4,71.0,62.3
Texas A&M-Commerce,"Commerce, TX",33.2442615,-95.9006353,42.07,0.23,30.9,34.4,42.0,49.9,60.2,67.7,71.6,70.8,63.0,51.7,41.7,32.2,52.5,56.7,64.6,73.0,80.1,87.7,92.3,93.3,85.7,75.5,63.9,53.5
Texas Christian,"Fort Worth, TX",32.753177,-97.3327459,37.8,0.02,35.1,38.7,45.9,53.9,63.4,70.7,74.4,74.3,66.7,56.0,45.6,36.3,56.4,60.1,67.6,75.8,83.5,91.0,95.0,95.8,88.2,77.6,66.5,57.0
Texas College,"Tyler, TX",32.3512601,-95.3010624,43.02,0.1,36.4,40.3,46.7,53.3,61.7,68.3,71.5,71.0,64.3,54.5,45.9,37.6,57.9,62.7,71.2,77.8,84.0,89.4,92.7,93.9,87.8,78.0,67.8,58.4
Texas St.,"San Marcos, TX",29.8826436,-97.9405828,35.19,0.04,38.7,42.2,49.1,56.8,65.5,71.7,73.5,73.6,67.7,58.4,49.0,40.3,62.4,65.9,72.5,79.7,85.9,91.4,94.3,95.8,90.0,82.0,72.0,63.3
Texas State,"San Marcos, TX",29.8826436,-97.9405828,35.19,0.04,38.7,42.2,49.1,56.8,65.5,71.7,73.5,73.6,67.7,58.4,49.0,40.3,62.4,65.9,72.5,79.7,85.9,91.4,94.3,95.8,90.0,82.0,72.0,63.3
Texas Tech,"Lubbock, TX",33.5635206,-101.879336,21.09,0.88,26.4,30.1,37.0,45.7,55.9,64.2,67.7,66.6,58.8,47.9,35.9,27.1,54.1,58.9,66.7,75.4,83.8,90.6,92.8,91.3,84.5,75.2,63.6,54.1
Texas-El Paso,"El Paso, TX",31.7754152,-106.4646348,10.54,0.27,32.5,37.1,42.9,50.7,60.0,68.0,70.9,69.7,63.3,52.0,40.1,32.5,57.7,63.1,70.3,78.6,87.8,95.5,94.7,92.4,87.6,78.2,66.2,57.1
Texas-San Antonio,"San Antonio, TX",29.4246002,-98.4951405,34.42,0,39.6,42.1,49.7,56.7,65.5,71.6,73.5,73.5,68.1,58.6,48.9,39.7,62.7,66.8,73.0,80.2,85.6,91.1,93.6,94.8,89.8,81.4,71.9,63.5
Toledo,"Toledo, OH",41.6786754,-83.5127283,34.44,2.76,21.6,22.5,29.3,40.1,51.5,62.2,66.7,64.5,55.9,44.7,35.6,25.8,33.4,37.1,46.6,59.2,71.2,81.5,85.5,83.5,76.7,63.2,50.2,38.0
Towson,"Towson, MD",39.4018552,-76.602388,47.91,0.8,24.1,26.5,32.6,41.6,51.5,59.8,64.0,63.9,56.6,45.5,36.3,27.6,41.1,44.8,53.0,65.0,72.6,80.3,84.5,81.9,74.7,65.5,55.0,43.9
Troy,"Troy, AL",31.8087678,-85.969951,52.05,0.0,34.8,37.5,43.1,49.8,58.5,66.6,69.8,69.6,63.9,52.4,42.8,36.5,58.2,62.2,69.6,76.6,84.0,89.3,91.5,91.0,86.8,77.9,68.9,59.9
Tulane,"New Orleans, LA",29.9499323,-90.0701156,68.9,0.01,38.9,41.7,47.1,54.1,62.9,69.5,71.8,71.7,67.2,56.8,47.4,41.3,59.5,62.9,68.8,75.1,81.6,86.2,88.4,88.3,85.1,77.9,69.6,61.8
Tulsa,"Tulsa, OK",36.1556805,-95.9929113,41.35,1.45,27.5,31.3,40.1,49.3,59.1,67.7,72.7,71.3,62.1,50.6,39.6,29.6,48.0,53.2,62.4,71.8,79.4,87.5,93.1,93.1,83.9,73.0,60.9,49.3
UC Davis,"Davis, CA",38.545379,-121.7445835,19.6,0,38.1,40.8,43.7,46.3,51.5,55.9,57.3,56.1,54.4,49.2,42.5,37.8,53.9,60.1,65.8,72.5,81.2,88.6,93.4,92.5,88.9,79.1,64.5,54.3
UCLA,"Los Angeles, CA",34.0536909,-118.2427666,15.32,0.0,47.8,49.3,51.0,53.5,57.1,60.3,63.6,64.1,63.1,58.7,52.0,47.5,68.2,68.6,70.2,72.7,74.5,78.1,83.1,84.4,83.1,78.5,72.8,67.7
UNLV,"Las Vegas, NV",36.1672559,-115.1485163,4.72,0.04,38.3,42.3,47.7,55.0,64.4,72.6,78.5,77.0,69.1,57.1,46.0,37.4,57.7,62.4,69.8,77.9,87.7,97.7,104.1,101.4,93.1,80.1,66.7,56.0
USC,"Los Angeles, CA",34.0536909,-118.2427666,15.32,0.0,47.8,49.3,51.0,53.5,57.1,60.3,63.6,64.1,63.1,58.7,52.0,47.5,68.2,68.6,70.2,72.7,74.5,78.1,83.1,84.4,83.1,78.5,72.8,67.7
Utah,"Salt Lake City, UT",40.7596198,-111.8867975,28.1,5.87,26.5,31.0,37.8,42.8,51.7,61.2,68.6,66.9,57.6,46.1,35.8,27.4,38.4,43.7,53.5,61.4,71.4,82.4,90.3,88.5,78.3,65.0,50.3,39.9
Utah St.,"Logan, UT",41.7313447,-111.8348631,17.76,3.98,12.8,15.6,26.5,34.0,41.2,48.2,54.7,53.1,43.7,33.2,24.5,15.2,30.8,35.6,48.8,59.1,68.3,78.5,88.6,87.2,76.6,62.9,45.8,33.3
Utah State,"Logan, UT",41.7313447,-111.8348631,17.76,3.98,12.8,15.6,26.5,34.0,41.2,48.2,54.7,53.1,43.7,33.2,24.5,15.2,30.8,35.6,48.8,59.1,68.3,78.5,88.6,87.2,76.6,62.9,45.8,33.3
Vanderbilt,"Nashville, TN",36.1622296,-86.7743531,47.85,0.46,28.4,31.6,39.0,47.5,56.8,65.4,69.5,68.4,60.7,48.9,39.4,31.3,46.9,51.8,61.0,70.5,78.2,86.0,89.3,89.0,82.4,71.7,60.3,49.5
Villanova,"Villanova, PA",40.0373323,-75.3490769,46.23,4.53,25.0,27.1,33.9,43.4,53.3,62.9,67.7,66.3,58.9,47.3,38.5,29.2,38.7,42.0,50.7,61.9,71.6,80.5,84.6,82.8,75.6,64.3,54.0,43.2
Virginia,"Charlottesville, VA",38.029306,-78.4766781,47.68,0.85,24.7,26.6,34.6,44.2,53.7,62.6,66.5,65.1,57.1,46.2,36.7,28.2,42.2,45.8,54.2,64.3,71.9,80.4,84.1,82.3,74.7,65.0,55.9,45.2
Virginia Tech,"Blacksburg, VA",37.2296566,-80.4136767,39.06,0.93,21.4,23.6,29.8,38.2,47.2,56.5,60.1,58.7,51.0,39.3,31.0,23.8,41.5,44.9,53.3,63.3,71.4,78.9,82.2,81.4,75.3,65.4,55.5,43.8
Wake Forest,"Winston-Salem, NC",36.0998131,-80.2440518,41.41,0.18,30.1,33.1,39.6,47.7,56.1,65.2,68.9,68.1,60.7,50.2,40.4,32.6,48.9,53.2,61.2,70.6,78.4,85.0,88.6,86.4,79.9,70.8,61.7,51.1
Washington,"Seattle, WA",47.6038321,-122.3300624,39.88,0.68,37.3,37.1,39.7,42.9,48.8,53.3,56.5,57.0,53.1,46.8,40.6,36.0,48.6,51.4,55.4,59.9,65.8,70.7,75.8,76.2,70.8,60.7,52.4,46.9
Washington St.,"Pullman, WA",46.7304268,-117.173895,27.07,1.66,25.7,27.2,31.7,35.6,41.7,46.5,50.2,50.2,43.8,36.2,30.7,24.1,36.8,41.2,49.1,56.6,65.0,71.7,82.4,83.6,74.2,60.2,44.1,35.2
Washington State,"Pullman, WA",46.7304268,-117.173895,27.07,1.66,25.7,27.2,31.7,35.6,41.7,46.5,50.2,50.2,43.8,36.2,30.7,24.1,36.8,41.2,49.1,56.6,65.0,71.7,82.4,83.6,74.2,60.2,44.1,35.2
Wayne State (MI),"Detroit, MI",42.3315509,-83.0466403,31.33,3.14,18.3,19.5,25.6,36.7,46.6,57.7,62.1,60.8,53.5,41.5,32.6,23.3,32.8,35.9,45.7,59.5,70.0,80.4,84.2,82.3,75.3,61.5,49.7,36.5
Weber State,"Ogden, UT",41.2230048,-111.9738429,22.27,4.85,21.0,23.7,32.2,38.8,47.6,55.9,64.0,62.5,52.8,41.2,30.7,22.4,36.5,42.2,53.1,61.6,71.5,81.7,91.0,89.2,78.4,64.6,48.8,37.5
West Georgia,"Carrollton, GA",33.5801103,-85.0766113,55.05,0.22,29.4,32.9,38.5,46.5,55.2,63.4,67.3,67.0,59.9,47.9,38.8,32.0,51.3,56.0,64.0,71.9,79.0,85.3,87.6,86.7,81.0,71.9,63.2,53.5
West Liberty,"West Liberty, WV",40.169794,-80.5936851,38.93,2.82,21.9,24.1,31.1,41.4,49.9,58.4,62.4,61.2,54.4,43.9,35.4,26.0,36.0,39.8,49.1,61.3,70.1,78.1,82.1,81.1,74.3,62.7,51.0,39.7
West Texas A&M,"Canyon, TX",34.9798392,-101.9193395,21.14,1.15,21.5,24.1,31.7,41.2,51.9,60.7,65.4,64.3,56.2,43.8,31.6,21.8,51.4,55.0,63.1,71.8,80.6,88.9,91.7,90.0,83.5,73.5,61.3,50.4
West Virginia,"Morgantown, WV",39.6296809,-79.9559437,43.37,8.9,21.3,22.6,29.3,39.3,49.4,58.7,63.2,61.5,54.5,43.2,33.5,25.4,38.7,42.6,51.6,63.7,71.7,79.6,83.0,81.9,75.9,65.4,53.9,42.4
Western Carolina,"Cullowhee, NC",35.3137739,-83.1765814,57.95,0.78,24.2,27.3,32.9,40.4,49.6,57.8,61.9,61.1,54.8,42.9,33.4,27.0,48.2,52.4,60.6,69.1,76.3,82.0,84.8,83.9,78.3,69.6,60.1,50.1
Western Kentucky,"Bowling Green, KY",36.9903199,-86.4436018,53.51,1.24,26.0,28.5,36.0,44.9,54.7,63.5,67.5,65.9,58.4,47.0,37.8,28.9,46.9,51.6,61.3,71.9,80.0,88.2,91.7,91.2,84.7,73.9,62.3,50.0
Western Michigan,"Kalamazoo, MI",42.291707,-85.5872286,39.56,9.54,18.0,19.8,27.5,38.2,47.9,57.3,62.1,60.3,52.0,41.4,33.4,22.7,30.9,34.1,45.5,59.7,70.0,79.2,83.1,80.9,72.9,60.5,47.6,34.8
Wisconsin,"Madison, WI",43.074761,-89.3837613,37.27,3.49,11.1,15.1,24.8,35.8,46.1,56.1,61.0,59.0,50.2,38.8,28.2,15.9,26.4,31.1,43.1,57.3,68.4,77.9,81.6,79.4,71.8,58.9,44.1,30.2
Wyoming,"Laramie, WY",41.311367,-105.591101,11.43,6.85,10.1,11.9,18.7,24.6,33.7,41.9,48.0,46.7,37.9,28.0,17.4,10.0,33.3,35.2,43.0,51.1,61.5,72.5,80.1,77.9,68.6,55.7,41.3,32.2
Yale,"New Haven, CT",41.3082138,-72.9250518,45.1,0.0,22.2,24.9,31.2,40.2,49.3,59.7,65.5,64.9,56.1,45.0,36.6,28.4,37.8,40.5,47.6,58.2,68.5,77.3,82.5,80.9,74.4,63.4,53.5,42.9
Youngstown State,"Youngstown, OH",41.1035786,-80.6520161,35.35,21.89,20.1,21.9,28.5,38.5,47.5,57.0,61.3,60.1,53.1,42.3,34.4,25.0,36.1,40.1,50.3,63.8,73.7,81.7,85.4,83.9,76.8,65.7,52.3,39.9
